{
  "project_info": {
    "project_number": "718305717911",
    "project_id": "mojalanapp",
    "storage_bucket": "mojalanapp.appspot.com"
  },
  "client": [
    {
      "client_info": {
        "mobilesdk_app_id": "1:718305717911:android:0fb3730161a40ce7b083d2",
        "android_client_info": {
          "package_name": "com.example.mojalan"
        }
      },
      "oauth_client": [],
      "api_key": [
        {
          "current_key": "AIzaSyBHhr_7F2hmZLs3OxXVy_XY_A3RcV26SRM"
        }
      ],
      "services": {
        "appinvite_service": {
          "other_platform_oauth_client": []
        }
      }
    }
  ],
  "configuration_version": "1"
}